experiment_key,task,include_prior,history,future,test_acc_top_val,task_long_name
text,1,False,4,1,0.682427,false_false_binary
text,1,False,4,3,0.647989,false_false_binary
text,1,False,4,5,0.647129,false_false_binary
text,1,False,4,10,0.647035,false_false_binary
text,1,False,5,1,0.680235,false_false_binary
text,1,False,5,3,0.651098,false_false_binary
text,1,False,5,5,0.649927,false_false_binary
text,1,False,5,10,0.649854,false_false_binary
text,1,False,10,1,0.654824,false_false_binary
text,1,False,10,3,0.649864,false_false_binary
text,1,False,10,5,0.649805,false_false_binary
text,1,False,10,10,0.649632,false_false_binary
text,1,False,30,1,0.649422,false_false_binary
text,1,False,30,3,0.649361,false_false_binary
text,1,False,30,5,0.649149,false_false_binary
text,1,False,30,10,0.649068,false_false_binary
text,1,True,4,1,0.74885,false_false_binary
text,1,True,4,3,0.652105,false_false_binary
text,1,True,4,5,0.647129,false_false_binary
text,1,True,4,10,0.647035,false_false_binary
text,1,True,5,1,0.755378,false_false_binary
text,1,True,5,3,0.666618,false_false_binary
text,1,True,5,5,0.649879,false_false_binary
text,1,True,5,10,0.649854,false_false_binary
text,1,True,10,1,0.748059,false_false_binary
text,1,True,10,3,0.654875,false_false_binary
text,1,True,10,5,0.649805,false_false_binary
text,1,True,10,10,0.649632,false_false_binary
text,1,True,30,1,0.749602,false_false_binary
text,1,True,30,3,0.654752,false_false_binary
text,1,True,30,5,0.649149,false_false_binary
text,1,True,30,10,0.649118,false_false_binary
text,2,False,4,1,0.656225,false_true_binary
text,2,False,4,3,0.604577,false_true_binary
text,2,False,4,5,0.560283,false_true_binary
text,2,False,4,10,0.573058,false_true_binary
text,2,False,5,1,0.64691,false_true_binary
text,2,False,5,3,0.599441,false_true_binary
text,2,False,5,5,0.561757,false_true_binary
text,2,False,5,10,0.577109,false_true_binary
text,2,False,10,1,0.589171,false_true_binary
text,2,False,10,3,0.556553,false_true_binary
text,2,False,10,5,0.541241,false_true_binary
text,2,False,10,10,0.525882,false_true_binary
text,2,False,30,1,0.516027,false_true_binary
text,2,False,30,3,0.510299,false_true_binary
text,2,False,30,5,0.502203,false_true_binary
text,2,False,30,10,0.511567,false_true_binary
text,2,True,4,1,0.716353,false_true_binary
text,2,True,4,3,0.621873,false_true_binary
text,2,True,4,5,0.587357,false_true_binary
text,2,True,4,10,0.578827,false_true_binary
text,2,True,5,1,0.723056,false_true_binary
text,2,True,5,3,0.622619,false_true_binary
text,2,True,5,5,0.582321,false_true_binary
text,2,True,5,10,0.578855,false_true_binary
text,2,True,10,1,0.712032,false_true_binary
text,2,True,10,3,0.615251,false_true_binary
text,2,True,10,5,0.58705,false_true_binary
text,2,True,10,10,0.553723,false_true_binary
text,2,True,30,1,0.722192,false_true_binary
text,2,True,30,3,0.617825,false_true_binary
text,2,True,30,5,0.567594,false_true_binary
text,2,True,30,10,0.519324,false_true_binary
text,4,False,4,1,0.534519,multi
text,4,False,4,3,0.478177,multi
text,4,False,4,5,0.473438,multi
text,4,False,4,10,0.458717,multi
text,4,False,5,1,0.515603,multi
text,4,False,5,3,0.475211,multi
text,4,False,5,5,0.456453,multi
text,4,False,5,10,0.448509,multi
text,4,False,10,1,0.486052,multi
text,4,False,10,3,0.450779,multi
text,4,False,10,5,0.447798,multi
text,4,False,10,10,0.450644,multi
text,4,False,30,1,0.448038,multi
text,4,False,30,3,0.440415,multi
text,4,False,30,5,0.447734,multi
text,4,False,30,10,0.446613,multi
text,4,True,4,1,0.568169,multi
text,4,True,4,3,0.488458,multi
text,4,True,4,5,0.475384,multi
text,4,True,4,10,0.458325,multi
text,4,True,5,1,0.56399,multi
text,4,True,5,3,0.47943,multi
text,4,True,5,5,0.452927,multi
text,4,True,5,10,0.445845,multi
text,4,True,10,1,0.535487,multi
text,4,True,10,3,0.46813,multi
text,4,True,10,5,0.45206,multi
text,4,True,10,10,0.449928,multi
text,4,True,30,1,0.551781,multi
text,4,True,30,3,0.466472,multi
text,4,True,30,5,0.447734,multi
text,4,True,30,10,0.446981,multi
text,3,False,4,1,0.640495,true_true_binary
text,3,False,4,3,0.588555,true_true_binary
text,3,False,4,5,0.565869,true_true_binary
text,3,False,4,10,0.545009,true_true_binary
text,3,False,5,1,0.629909,true_true_binary
text,3,False,5,3,0.587201,true_true_binary
text,3,False,5,5,0.563999,true_true_binary
text,3,False,5,10,0.560014,true_true_binary
text,3,False,10,1,0.604873,true_true_binary
text,3,False,10,3,0.571884,true_true_binary
text,3,False,10,5,0.568892,true_true_binary
text,3,False,10,10,0.55329,true_true_binary
text,3,False,30,1,0.561955,true_true_binary
text,3,False,30,3,0.551567,true_true_binary
text,3,False,30,5,0.55318,true_true_binary
text,3,False,30,10,0.553387,true_true_binary
text,3,True,4,1,0.680913,true_true_binary
text,3,True,4,3,0.596508,true_true_binary
text,3,True,4,5,0.577933,true_true_binary
text,3,True,4,10,0.552069,true_true_binary
text,3,True,5,1,0.684783,true_true_binary
text,3,True,5,3,0.605309,true_true_binary
text,3,True,5,5,0.56347,true_true_binary
text,3,True,5,10,0.561967,true_true_binary
text,3,True,10,1,0.66649,true_true_binary
text,3,True,10,3,0.593661,true_true_binary
text,3,True,10,5,0.573686,true_true_binary
text,3,True,10,10,0.554363,true_true_binary
text,3,True,30,1,0.678052,true_true_binary
text,3,True,30,3,0.584184,true_true_binary
text,3,True,30,5,0.561404,true_true_binary
text,3,True,30,10,0.553387,true_true_binary
text_video,1,False,4,1,0.699243,false_false_binary
text_video,1,False,4,3,0.647543,false_false_binary
text_video,1,False,4,5,0.647129,false_false_binary
text_video,1,False,4,10,0.647085,false_false_binary
text_video,1,False,5,1,0.674014,false_false_binary
text_video,1,False,5,3,0.652983,false_false_binary
text_video,1,False,5,5,0.649927,false_false_binary
text_video,1,False,5,10,0.649854,false_false_binary
text_video,1,False,10,1,0.65628,false_false_binary
text_video,1,False,10,3,0.650107,false_false_binary
text_video,1,False,10,5,0.649805,false_false_binary
text_video,1,False,10,10,0.649583,false_false_binary
text_video,1,False,30,1,0.655646,false_false_binary
text_video,1,False,30,3,0.652855,false_false_binary
text_video,1,False,30,5,0.649199,false_false_binary
text_video,1,False,30,10,0.649068,false_false_binary
text_video,1,True,4,1,0.746575,false_false_binary
text_video,1,True,4,3,0.651312,false_false_binary
text_video,1,True,4,5,0.647676,false_false_binary
text_video,1,True,4,10,0.647135,false_false_binary
text_video,1,True,5,1,0.744044,false_false_binary
text_video,1,True,5,3,0.659076,false_false_binary
text_video,1,True,5,5,0.651721,false_false_binary
text_video,1,True,5,10,0.649902,false_false_binary
text_video,1,True,10,1,0.735974,false_false_binary
text_video,1,True,10,3,0.670397,false_false_binary
text_video,1,True,10,5,0.652829,false_false_binary
text_video,1,True,10,10,0.649583,false_false_binary
text_video,1,True,30,1,0.737303,false_false_binary
text_video,1,True,30,3,0.68141,false_false_binary
text_video,1,True,30,5,0.661862,false_false_binary
text_video,1,True,30,10,0.649068,false_false_binary
text_video,2,False,4,1,0.640032,false_true_binary
text_video,2,False,4,3,0.542576,false_true_binary
text_video,2,False,4,5,0.552547,false_true_binary
text_video,2,False,4,10,0.568228,false_true_binary
text_video,2,False,5,1,0.648638,false_true_binary
text_video,2,False,5,3,0.566405,false_true_binary
text_video,2,False,5,5,0.559754,false_true_binary
text_video,2,False,5,10,0.567034,false_true_binary
text_video,2,False,10,1,0.578209,false_true_binary
text_video,2,False,10,3,0.574645,false_true_binary
text_video,2,False,10,5,0.561257,false_true_binary
text_video,2,False,10,10,0.549534,false_true_binary
text_video,2,False,30,1,0.595479,false_true_binary
text_video,2,False,30,3,0.571684,false_true_binary
text_video,2,False,30,5,0.514317,false_true_binary
text_video,2,False,30,10,0.539548,false_true_binary
text_video,2,True,4,1,0.686488,false_true_binary
text_video,2,True,4,3,0.583688,false_true_binary
text_video,2,True,4,5,0.534009,false_true_binary
text_video,2,True,4,10,0.576681,false_true_binary
text_video,2,True,5,1,0.721728,false_true_binary
text_video,2,True,5,3,0.603703,false_true_binary
text_video,2,True,5,5,0.587662,false_true_binary
text_video,2,True,5,10,0.570258,false_true_binary
text_video,2,True,10,1,0.678209,false_true_binary
text_video,2,True,10,3,0.590458,false_true_binary
text_video,2,True,10,5,0.532375,false_true_binary
text_video,2,True,10,10,0.56805,false_true_binary
text_video,2,True,30,1,0.715479,false_true_binary
text_video,2,True,30,3,0.626202,false_true_binary
text_video,2,True,30,5,0.596641,false_true_binary
text_video,2,True,30,10,0.545505,false_true_binary
text_video,4,False,4,1,0.482885,multi
text_video,4,False,4,3,0.449467,multi
text_video,4,False,4,5,0.436661,multi
text_video,4,False,4,10,0.444989,multi
text_video,4,False,5,1,0.484572,multi
text_video,4,False,5,3,0.452707,multi
text_video,4,False,5,5,0.453632,multi
text_video,4,False,5,10,0.444957,multi
text_video,4,False,10,1,0.450918,multi
text_video,4,False,10,3,0.441926,multi
text_video,4,False,10,5,0.450639,multi
text_video,4,False,10,10,0.444921,multi
text_video,4,False,30,1,0.401163,multi
text_video,4,False,30,3,0.444971,multi
text_video,4,False,30,5,0.447186,multi
text_video,4,False,30,10,0.44514,multi
text_video,4,True,4,1,0.521369,multi
text_video,4,True,4,3,0.468477,multi
text_video,4,True,4,5,0.444055,multi
text_video,4,True,4,10,0.444205,multi
text_video,4,True,5,1,0.532083,multi
text_video,4,True,5,3,0.460795,multi
text_video,4,True,5,5,0.458039,multi
text_video,4,True,5,10,0.448153,multi
text_video,4,True,10,1,0.479343,multi
text_video,4,True,10,3,0.456091,multi
text_video,4,True,10,5,0.445668,multi
text_video,4,True,10,10,0.448856,multi
text_video,4,True,30,1,0.498365,multi
text_video,4,True,30,3,0.462099,multi
text_video,4,True,30,5,0.430556,multi
text_video,4,True,30,10,0.446613,multi
text_video,3,False,4,1,0.630826,true_true_binary
text_video,3,False,4,3,0.582347,true_true_binary
text_video,3,False,4,5,0.561782,true_true_binary
text_video,3,False,4,10,0.550304,true_true_binary
text_video,3,False,5,1,0.629208,true_true_binary
text_video,3,False,5,3,0.578059,true_true_binary
text_video,3,False,5,5,0.566996,true_true_binary
text_video,3,False,5,10,0.552202,true_true_binary
text_video,3,False,10,1,0.603107,true_true_binary
text_video,3,False,10,3,0.580559,true_true_binary
text_video,3,False,10,5,0.57777,true_true_binary
text_video,3,False,10,10,0.538448,true_true_binary
text_video,3,False,30,1,0.559048,true_true_binary
text_video,3,False,30,3,0.561042,true_true_binary
text_video,3,False,30,5,0.552266,true_true_binary
text_video,3,False,30,10,0.552099,true_true_binary
text_video,3,True,4,1,0.64707,true_true_binary
text_video,3,True,4,3,0.578468,true_true_binary
text_video,3,True,4,5,0.580852,true_true_binary
text_video,3,True,4,10,0.547558,true_true_binary
text_video,3,True,5,1,0.662518,true_true_binary
text_video,3,True,5,3,0.596695,true_true_binary
text_video,3,True,5,5,0.555889,true_true_binary
text_video,3,True,5,10,0.551491,true_true_binary
text_video,3,True,10,1,0.639831,true_true_binary
text_video,3,True,10,3,0.586225,true_true_binary
text_video,3,True,10,5,0.563565,true_true_binary
text_video,3,True,10,10,0.54882,true_true_binary
text_video,3,True,30,1,0.62827,true_true_binary
text_video,3,True,30,3,0.557034,true_true_binary
text_video,3,True,30,5,0.544042,true_true_binary
text_video,3,True,30,10,0.567747,true_true_binary
text_video_voxaudio,1,False,4,1,0.723725,false_false_binary
text_video_voxaudio,1,False,4,3,0.676105,false_false_binary
text_video_voxaudio,1,False,4,5,0.65225,false_false_binary
text_video_voxaudio,1,False,4,10,0.647936,false_false_binary
text_video_voxaudio,1,False,5,1,0.720893,false_false_binary
text_video_voxaudio,1,False,5,3,0.660478,false_false_binary
text_video_voxaudio,1,False,5,5,0.654484,false_false_binary
text_video_voxaudio,1,False,5,10,0.658634,false_false_binary
text_video_voxaudio,1,False,10,1,0.695302,false_false_binary
text_video_voxaudio,1,False,10,3,0.65361,false_false_binary
text_video_voxaudio,1,False,10,5,0.656439,false_false_binary
text_video_voxaudio,1,False,10,10,0.652086,false_false_binary
text_video_voxaudio,1,False,30,1,0.667447,false_false_binary
text_video_voxaudio,1,False,30,3,0.661542,false_false_binary
text_video_voxaudio,1,False,30,5,0.65045,false_false_binary
text_video_voxaudio,1,False,30,10,0.649068,false_false_binary
text_video_voxaudio,1,True,4,1,0.754488,false_false_binary
text_video_voxaudio,1,True,4,3,0.677443,false_false_binary
text_video_voxaudio,1,True,4,5,0.651554,false_false_binary
text_video_voxaudio,1,True,4,10,0.65379,false_false_binary
text_video_voxaudio,1,True,5,1,0.755329,false_false_binary
text_video_voxaudio,1,True,5,3,0.661638,false_false_binary
text_video_voxaudio,1,True,5,5,0.666311,false_false_binary
text_video_voxaudio,1,True,5,10,0.651854,false_false_binary
text_video_voxaudio,1,True,10,1,0.738886,false_false_binary
text_video_voxaudio,1,True,10,3,0.673511,false_false_binary
text_video_voxaudio,1,True,10,5,0.660244,false_false_binary
text_video_voxaudio,1,True,10,10,0.649877,false_false_binary
text_video_voxaudio,1,True,30,1,0.742731,false_false_binary
text_video_voxaudio,1,True,30,3,0.690495,false_false_binary
text_video_voxaudio,1,True,30,5,0.664815,false_false_binary
text_video_voxaudio,1,True,30,10,0.649773,false_false_binary
text_video_voxaudio,2,False,4,1,0.673878,false_true_binary
text_video_voxaudio,2,False,4,3,0.613225,false_true_binary
text_video_voxaudio,2,False,4,5,0.535743,false_true_binary
text_video_voxaudio,2,False,4,10,0.567691,false_true_binary
text_video_voxaudio,2,False,5,1,0.674419,false_true_binary
text_video_voxaudio,2,False,5,3,0.604902,false_true_binary
text_video_voxaudio,2,False,5,5,0.537455,false_true_binary
text_video_voxaudio,2,False,5,10,0.571198,false_true_binary
text_video_voxaudio,2,False,10,1,0.637567,false_true_binary
text_video_voxaudio,2,False,10,3,0.58952,false_true_binary
text_video_voxaudio,2,False,10,5,0.522434,false_true_binary
text_video_voxaudio,2,False,10,10,0.531288,false_true_binary
text_video_voxaudio,2,False,30,1,0.585205,false_true_binary
text_video_voxaudio,2,False,30,3,0.55905,false_true_binary
text_video_voxaudio,2,False,30,5,0.533315,false_true_binary
text_video_voxaudio,2,False,30,10,0.502978,false_true_binary
text_video_voxaudio,2,True,4,1,0.711043,false_true_binary
text_video_voxaudio,2,True,4,3,0.607504,false_true_binary
text_video_voxaudio,2,True,4,5,0.567618,false_true_binary
text_video_voxaudio,2,True,4,10,0.577754,false_true_binary
text_video_voxaudio,2,True,5,1,0.716811,false_true_binary
text_video_voxaudio,2,True,5,3,0.623685,false_true_binary
text_video_voxaudio,2,True,5,5,0.557751,false_true_binary
text_video_voxaudio,2,True,5,10,0.569049,false_true_binary
text_video_voxaudio,2,True,10,1,0.699733,false_true_binary
text_video_voxaudio,2,True,10,3,0.597561,false_true_binary
text_video_voxaudio,2,True,10,5,0.534659,false_true_binary
text_video_voxaudio,2,True,10,10,0.537775,false_true_binary
text_video_voxaudio,2,True,30,1,0.712329,false_true_binary
text_video_voxaudio,2,True,30,3,0.624691,false_true_binary
text_video_voxaudio,2,True,30,5,0.592098,false_true_binary
text_video_voxaudio,2,True,30,10,0.513783,false_true_binary
text_video_voxaudio,4,False,4,1,0.530265,multi
text_video_voxaudio,4,False,4,3,0.469641,multi
text_video_voxaudio,4,False,4,5,0.467601,multi
text_video_voxaudio,4,False,4,10,0.440479,multi
text_video_voxaudio,4,False,5,1,0.531381,multi
text_video_voxaudio,4,False,5,3,0.466069,multi
text_video_voxaudio,4,False,5,5,0.456276,multi
text_video_voxaudio,4,False,5,10,0.448509,multi
text_video_voxaudio,4,False,10,1,0.473694,multi
text_video_voxaudio,4,False,10,3,0.457153,multi
text_video_voxaudio,4,False,10,5,0.457386,multi
text_video_voxaudio,4,False,10,10,0.448856,multi
text_video_voxaudio,4,False,30,1,0.426781,multi
text_video_voxaudio,4,False,30,3,0.432945,multi
text_video_voxaudio,4,False,30,5,0.436404,multi
text_video_voxaudio,4,False,30,10,0.444035,multi
text_video_voxaudio,4,True,4,1,0.553665,multi
text_video_voxaudio,4,True,4,3,0.469835,multi
text_video_voxaudio,4,True,4,5,0.467212,multi
text_video_voxaudio,4,True,4,10,0.439498,multi
text_video_voxaudio,4,True,5,1,0.551367,multi
text_video_voxaudio,4,True,5,3,0.473101,multi
text_video_voxaudio,4,True,5,5,0.463329,multi
text_video_voxaudio,4,True,5,10,0.447976,multi
text_video_voxaudio,4,True,10,1,0.487288,multi
text_video_voxaudio,4,True,10,3,0.459101,multi
text_video_voxaudio,4,True,10,5,0.45348,multi
text_video_voxaudio,4,True,10,10,0.44206,multi
text_video_voxaudio,4,True,30,1,0.506904,multi
text_video_voxaudio,4,True,30,3,0.448251,multi
text_video_voxaudio,4,True,30,5,0.4322,multi
text_video_voxaudio,4,True,30,10,0.426178,multi
text_video_voxaudio,3,False,4,1,0.661381,true_true_binary
text_video_voxaudio,3,False,4,3,0.598448,true_true_binary
text_video_voxaudio,3,False,4,5,0.578323,true_true_binary
text_video_voxaudio,3,False,4,10,0.548931,true_true_binary
text_video_voxaudio,3,False,5,1,0.647791,true_true_binary
text_video_voxaudio,3,False,5,3,0.60109,true_true_binary
text_video_voxaudio,3,False,5,5,0.569111,true_true_binary
text_video_voxaudio,3,False,5,10,0.553445,true_true_binary
text_video_voxaudio,3,False,10,1,0.617938,true_true_binary
text_video_voxaudio,3,False,10,3,0.578081,true_true_binary
text_video_voxaudio,3,False,10,5,0.557884,true_true_binary
text_video_voxaudio,3,False,10,10,0.551144,true_true_binary
text_video_voxaudio,3,False,30,1,0.558685,true_true_binary
text_video_voxaudio,3,False,30,3,0.55922,true_true_binary
text_video_voxaudio,3,False,30,5,0.54989,true_true_binary
text_video_voxaudio,3,False,30,10,0.561856,true_true_binary
text_video_voxaudio,3,True,4,1,0.67105,true_true_binary
text_video_voxaudio,3,True,4,3,0.602716,true_true_binary
text_video_voxaudio,3,True,4,5,0.573458,true_true_binary
text_video_voxaudio,3,True,4,10,0.546382,true_true_binary
text_video_voxaudio,3,True,5,1,0.670933,true_true_binary
text_video_voxaudio,3,True,5,3,0.603024,true_true_binary
text_video_voxaudio,3,True,5,5,0.568759,true_true_binary
text_video_voxaudio,3,True,5,10,0.554155,true_true_binary
text_video_voxaudio,3,True,10,1,0.641066,true_true_binary
text_video_voxaudio,3,True,10,3,0.580559,true_true_binary
text_video_voxaudio,3,True,10,5,0.572088,true_true_binary
text_video_voxaudio,3,True,10,10,0.55025,true_true_binary
text_video_voxaudio,3,True,30,1,0.634084,true_true_binary
text_video_voxaudio,3,True,30,3,0.5543,true_true_binary
text_video_voxaudio,3,True,30,5,0.541118,true_true_binary
text_video_voxaudio,3,True,30,10,0.556885,true_true_binary
text_voxaudio,1,False,4,1,0.733617,false_false_binary
text_voxaudio,1,False,4,3,0.683294,false_false_binary
text_voxaudio,1,False,4,5,0.667412,false_false_binary
text_voxaudio,1,False,4,10,0.649837,false_false_binary
text_voxaudio,1,False,5,1,0.721231,false_false_binary
text_voxaudio,1,False,5,3,0.67068,false_false_binary
text_voxaudio,1,False,5,5,0.650509,false_false_binary
text_voxaudio,1,False,5,10,0.651122,false_false_binary
text_voxaudio,1,False,10,1,0.696175,false_false_binary
text_voxaudio,1,False,10,3,0.664607,false_false_binary
text_voxaudio,1,False,10,5,0.653707,false_false_binary
text_voxaudio,1,False,10,10,0.650319,false_false_binary
text_voxaudio,1,False,30,1,0.658136,false_false_binary
text_voxaudio,1,False,30,3,0.649311,false_false_binary
text_voxaudio,1,False,30,5,0.649149,false_false_binary
text_voxaudio,1,False,30,10,0.649068,false_false_binary
text_voxaudio,1,True,4,1,0.761561,false_false_binary
text_voxaudio,1,True,4,3,0.692468,false_false_binary
text_voxaudio,1,True,4,5,0.672682,false_false_binary
text_voxaudio,1,True,4,10,0.652439,false_false_binary
text_voxaudio,1,True,5,1,0.757066,false_false_binary
text_voxaudio,1,True,5,3,0.684557,false_false_binary
text_voxaudio,1,True,5,5,0.654484,false_false_binary
text_voxaudio,1,True,5,10,0.649854,false_false_binary
text_voxaudio,1,True,10,1,0.751602,false_false_binary
text_voxaudio,1,True,10,3,0.682026,false_false_binary
text_voxaudio,1,True,10,5,0.654732,false_false_binary
text_voxaudio,1,True,10,10,0.649681,false_false_binary
text_voxaudio,1,True,30,1,0.749602,false_false_binary
text_voxaudio,1,True,30,3,0.65595,false_false_binary
text_voxaudio,1,True,30,5,0.64955,false_false_binary
text_voxaudio,1,True,30,10,0.649068,false_false_binary
text_voxaudio,2,False,4,1,0.682639,false_true_binary
text_voxaudio,2,False,4,3,0.620676,false_true_binary
text_voxaudio,2,False,4,5,0.581488,false_true_binary
text_voxaudio,2,False,4,10,0.547565,false_true_binary
text_voxaudio,2,False,5,1,0.676146,false_true_binary
text_voxaudio,2,False,5,3,0.618356,false_true_binary
text_voxaudio,2,False,5,5,0.582588,false_true_binary
text_voxaudio,2,False,5,10,0.528748,false_true_binary
text_voxaudio,2,False,10,1,0.646257,false_true_binary
text_voxaudio,2,False,10,3,0.608684,false_true_binary
text_voxaudio,2,False,10,5,0.553869,false_true_binary
text_voxaudio,2,False,10,10,0.529801,false_true_binary
text_voxaudio,2,False,30,1,0.556301,false_true_binary
text_voxaudio,2,False,30,3,0.503021,false_true_binary
text_voxaudio,2,False,30,5,0.510463,false_true_binary
text_voxaudio,2,False,30,10,0.502147,false_true_binary
text_voxaudio,2,True,4,1,0.716618,false_true_binary
text_voxaudio,2,True,4,3,0.626663,false_true_binary
text_voxaudio,2,True,4,5,0.589224,false_true_binary
text_voxaudio,2,True,4,10,0.564739,false_true_binary
text_voxaudio,2,True,5,1,0.720797,false_true_binary
text_voxaudio,2,True,5,3,0.632077,false_true_binary
text_voxaudio,2,True,5,5,0.593938,false_true_binary
text_voxaudio,2,True,5,10,0.569452,false_true_binary
text_voxaudio,2,True,10,1,0.706283,false_true_binary
text_voxaudio,2,True,10,3,0.628384,false_true_binary
text_voxaudio,2,True,10,5,0.584363,false_true_binary
text_voxaudio,2,True,10,10,0.554129,false_true_binary
text_voxaudio,2,True,30,1,0.718082,false_true_binary
text_voxaudio,2,True,30,3,0.597501,false_true_binary
text_voxaudio,2,True,30,5,0.574202,false_true_binary
text_voxaudio,2,True,30,10,0.503117,false_true_binary
text_voxaudio,4,False,4,1,0.545156,multi
text_voxaudio,4,False,4,3,0.482832,multi
text_voxaudio,4,False,4,5,0.476746,multi
text_voxaudio,4,False,4,10,0.460482,multi
text_voxaudio,4,False,5,1,0.535238,multi
text_voxaudio,4,False,5,3,0.48154,multi
text_voxaudio,4,False,5,5,0.461742,multi
text_voxaudio,4,False,5,10,0.452592,multi
text_voxaudio,4,False,10,1,0.498588,multi
text_voxaudio,4,False,10,3,0.470786,multi
text_voxaudio,4,False,10,5,0.457209,multi
text_voxaudio,4,False,10,10,0.447425,multi
text_voxaudio,4,False,30,1,0.440225,multi
text_voxaudio,4,False,30,3,0.44406,multi
text_voxaudio,4,False,30,5,0.44883,multi
text_voxaudio,4,False,30,10,0.446613,multi
text_voxaudio,4,True,4,1,0.569136,multi
text_voxaudio,4,True,4,3,0.490204,multi
text_voxaudio,4,True,4,5,0.477719,multi
text_voxaudio,4,True,4,10,0.460679,multi
text_voxaudio,4,True,5,1,0.568724,multi
text_voxaudio,4,True,5,3,0.485056,multi
text_voxaudio,4,True,5,5,0.4628,multi
text_voxaudio,4,True,5,10,0.448153,multi
text_voxaudio,4,True,10,1,0.543256,multi
text_voxaudio,4,True,10,3,0.470255,multi
text_voxaudio,4,True,10,5,0.460227,multi
text_voxaudio,4,True,10,10,0.446888,multi
text_voxaudio,4,True,30,1,0.543968,multi
text_voxaudio,4,True,30,3,0.458819,multi
text_voxaudio,4,True,30,5,0.450292,multi
text_voxaudio,4,True,30,10,0.449006,multi
text_voxaudio,3,False,4,1,0.660801,true_true_binary
text_voxaudio,3,False,4,3,0.602522,true_true_binary
text_voxaudio,3,False,4,5,0.566258,true_true_binary
text_voxaudio,3,False,4,10,0.541675,true_true_binary
text_voxaudio,3,False,5,1,0.663043,true_true_binary
text_voxaudio,3,False,5,3,0.604606,true_true_binary
text_voxaudio,3,False,5,5,0.569288,true_true_binary
text_voxaudio,3,False,5,10,0.558416,true_true_binary
text_voxaudio,3,False,10,1,0.625706,true_true_binary
text_voxaudio,3,False,10,3,0.580559,true_true_binary
text_voxaudio,3,False,10,5,0.568004,true_true_binary
text_voxaudio,3,False,10,10,0.559728,true_true_binary
text_voxaudio,3,False,30,1,0.571403,true_true_binary
text_voxaudio,3,False,30,3,0.562682,true_true_binary
text_voxaudio,3,False,30,5,0.570724,true_true_binary
text_voxaudio,3,False,30,10,0.553019,true_true_binary
text_voxaudio,3,True,4,1,0.679559,true_true_binary
text_voxaudio,3,True,4,3,0.606596,true_true_binary
text_voxaudio,3,True,4,5,0.573458,true_true_binary
text_voxaudio,3,True,4,10,0.543244,true_true_binary
text_voxaudio,3,True,5,1,0.685835,true_true_binary
text_voxaudio,3,True,5,3,0.604782,true_true_binary
text_voxaudio,3,True,5,5,0.57299,true_true_binary
text_voxaudio,3,True,5,10,0.561257,true_true_binary
text_voxaudio,3,True,10,1,0.671434,true_true_binary
text_voxaudio,3,True,10,3,0.581976,true_true_binary
text_voxaudio,3,True,10,5,0.571023,true_true_binary
text_voxaudio,3,True,10,10,0.565451,true_true_binary
text_voxaudio,3,True,30,1,0.670422,true_true_binary
text_voxaudio,3,True,30,3,0.569789,true_true_binary
text_voxaudio,3,True,30,5,0.559942,true_true_binary
text_voxaudio,3,True,30,10,0.55081,true_true_binary
video,1,False,4,1,0.671843,false_false_binary
video,1,False,4,3,0.647642,false_false_binary
video,1,False,4,5,0.647129,false_false_binary
video,1,False,4,10,0.647035,false_false_binary
video,1,False,5,1,0.650429,false_false_binary
video,1,False,5,3,0.649985,false_false_binary
video,1,False,5,5,0.650121,false_false_binary
video,1,False,5,10,0.649805,false_false_binary
video,1,False,10,1,0.651524,false_false_binary
video,1,False,10,3,0.650058,false_false_binary
video,1,False,10,5,0.649805,false_false_binary
video,1,False,10,10,0.649583,false_false_binary
video,1,False,30,1,0.649422,false_false_binary
video,1,False,30,3,0.649311,false_false_binary
video,1,False,30,5,0.649349,false_false_binary
video,1,False,30,10,0.649068,false_false_binary
video,1,True,4,1,0.736832,false_false_binary
video,1,True,4,3,0.650518,false_false_binary
video,1,True,4,5,0.647129,false_false_binary
video,1,True,4,10,0.647035,false_false_binary
video,1,True,5,1,0.730491,false_false_binary
video,1,True,5,3,0.656271,false_false_binary
video,1,True,5,5,0.65143,false_false_binary
video,1,True,5,10,0.649805,false_false_binary
video,1,True,10,1,0.73379,false_false_binary
video,1,True,10,3,0.657308,false_false_binary
video,1,True,10,5,0.650244,false_false_binary
video,1,True,10,10,0.649681,false_false_binary
video,1,True,30,1,0.744423,false_false_binary
video,1,True,30,3,0.681609,false_false_binary
video,1,True,30,5,0.661311,false_false_binary
video,1,True,30,10,0.652292,false_false_binary
video,2,False,4,1,0.59185,false_true_binary
video,2,False,4,3,0.536056,false_true_binary
video,2,False,4,5,0.525207,false_true_binary
video,2,False,4,10,0.560311,false_true_binary
video,2,False,5,1,0.597874,false_true_binary
video,2,False,5,3,0.52804,false_true_binary
video,2,False,5,5,0.568968,false_true_binary
video,2,False,5,10,0.566093,false_true_binary
video,2,False,10,1,0.584225,false_true_binary
video,2,False,10,3,0.574511,false_true_binary
video,2,False,10,5,0.506045,false_true_binary
video,2,False,10,10,0.508177,false_true_binary
video,2,False,30,1,0.568356,false_true_binary
video,2,False,30,3,0.563032,false_true_binary
video,2,False,30,5,0.552726,false_true_binary
video,2,False,30,10,0.538302,false_true_binary
video,2,True,4,1,0.674808,false_true_binary
video,2,True,4,3,0.568121,false_true_binary
video,2,True,4,5,0.532275,false_true_binary
video,2,True,4,10,0.573058,false_true_binary
video,2,True,5,1,0.722259,false_true_binary
video,2,True,5,3,0.584521,false_true_binary
video,2,True,5,5,0.580051,false_true_binary
video,2,True,5,10,0.571198,false_true_binary
video,2,True,10,1,0.697193,false_true_binary
video,2,True,10,3,0.609354,false_true_binary
video,2,True,10,5,0.553466,false_true_binary
video,2,True,10,10,0.557508,false_true_binary
video,2,True,30,1,0.713288,false_true_binary
video,2,True,30,3,0.626064,false_true_binary
video,2,True,30,5,0.601735,false_true_binary
video,2,True,30,10,0.566976,false_true_binary
video,4,False,4,1,0.445562,multi
video,4,False,4,3,0.452958,multi
video,4,False,4,5,0.438996,multi
video,4,False,4,10,0.421847,multi
video,4,False,5,1,0.454243,multi
video,4,False,5,3,0.45007,multi
video,4,False,5,5,0.448872,multi
video,4,False,5,10,0.448509,multi
video,4,False,10,1,0.443503,multi
video,4,False,10,3,0.457507,multi
video,4,False,10,5,0.450639,multi
video,4,False,10,10,0.444385,multi
video,4,False,30,1,0.431686,multi
video,4,False,30,3,0.447522,multi
video,4,False,30,5,0.447734,multi
video,4,False,30,10,0.446244,multi
video,4,True,4,1,0.481725,multi
video,4,True,4,3,0.45257,multi
video,4,True,4,5,0.427126,multi
video,4,True,4,10,0.443224,multi
video,4,True,5,1,0.517882,multi
video,4,True,5,3,0.455696,multi
video,4,True,5,5,0.457687,multi
video,4,True,5,10,0.458274,multi
video,4,True,10,1,0.458333,multi
video,4,True,10,3,0.456622,multi
video,4,True,10,5,0.447088,multi
video,4,True,10,10,0.447783,multi
video,4,True,30,1,0.506904,multi
video,4,True,30,3,0.456633,multi
video,4,True,30,5,0.44682,multi
video,4,True,30,10,0.446613,multi
video,3,False,4,1,0.587894,true_true_binary
video,3,False,4,3,0.57226,true_true_binary
video,3,False,4,5,0.569955,true_true_binary
video,3,False,4,10,0.545597,true_true_binary
video,3,False,5,1,0.595722,true_true_binary
video,3,False,5,3,0.573312,true_true_binary
video,3,False,5,5,0.567172,true_true_binary
video,3,False,5,10,0.553622,true_true_binary
video,3,False,10,1,0.598164,true_true_binary
video,3,False,10,3,0.572769,true_true_binary
video,3,False,10,5,0.565518,true_true_binary
video,3,False,10,10,0.548104,true_true_binary
video,3,False,30,1,0.552144,true_true_binary
video,3,False,30,3,0.554665,true_true_binary
video,3,False,30,5,0.550256,true_true_binary
video,3,False,30,10,0.551915,true_true_binary
video,3,True,4,1,0.631406,true_true_binary
video,3,True,4,3,0.575946,true_true_binary
video,3,True,4,5,0.547188,true_true_binary
video,3,True,4,10,0.542655,true_true_binary
video,3,True,5,1,0.651823,true_true_binary
video,3,True,5,3,0.588959,true_true_binary
video,3,True,5,5,0.556417,true_true_binary
video,3,True,5,10,0.553267,true_true_binary
video,3,True,10,1,0.627825,true_true_binary
video,3,True,10,3,0.571176,true_true_binary
video,3,True,10,5,0.570135,true_true_binary
video,3,True,10,10,0.554363,true_true_binary
video,3,True,30,1,0.636083,true_true_binary
video,3,True,30,3,0.570335,true_true_binary
video,3,True,30,5,0.558662,true_true_binary
video,3,True,30,10,0.556701,true_true_binary
video_voxaudio,1,False,4,1,0.71047,false_false_binary
video_voxaudio,1,False,4,3,0.669658,false_false_binary
video_voxaudio,1,False,4,5,0.663932,false_false_binary
video_voxaudio,1,False,4,10,0.657743,false_false_binary
video_voxaudio,1,False,5,1,0.708884,false_false_binary
video_voxaudio,1,False,5,3,0.666522,false_false_binary
video_voxaudio,1,False,5,5,0.650654,false_false_binary
video_voxaudio,1,False,5,10,0.651902,false_false_binary
video_voxaudio,1,False,10,1,0.690885,false_false_binary
video_voxaudio,1,False,10,3,0.660714,false_false_binary
video_voxaudio,1,False,10,5,0.654293,false_false_binary
video_voxaudio,1,False,10,10,0.650123,false_false_binary
video_voxaudio,1,False,30,1,0.675563,false_false_binary
video_voxaudio,1,False,30,3,0.651208,false_false_binary
video_voxaudio,1,False,30,5,0.653253,false_false_binary
video_voxaudio,1,False,30,10,0.649068,false_false_binary
video_voxaudio,1,True,4,1,0.749691,false_false_binary
video_voxaudio,1,True,4,3,0.681311,false_false_binary
video_voxaudio,1,True,4,5,0.649963,false_false_binary
video_voxaudio,1,True,4,10,0.647436,false_false_binary
video_voxaudio,1,True,5,1,0.751326,false_false_binary
video_voxaudio,1,True,5,3,0.668552,false_false_binary
video_voxaudio,1,True,5,5,0.655453,false_false_binary
video_voxaudio,1,True,5,10,0.650049,false_false_binary
video_voxaudio,1,True,10,1,0.734663,false_false_binary
video_voxaudio,1,True,10,3,0.68081,false_false_binary
video_voxaudio,1,True,10,5,0.669756,false_false_binary
video_voxaudio,1,True,10,10,0.650025,false_false_binary
video_voxaudio,1,True,30,1,0.744872,false_false_binary
video_voxaudio,1,True,30,3,0.683407,false_false_binary
video_voxaudio,1,True,30,5,0.661712,false_false_binary
video_voxaudio,1,True,30,10,0.650529,false_false_binary
video_voxaudio,2,False,4,1,0.667109,false_true_binary
video_voxaudio,2,False,4,3,0.580761,false_true_binary
video_voxaudio,2,False,4,5,0.546812,false_true_binary
video_voxaudio,2,False,4,10,0.563263,false_true_binary
video_voxaudio,2,False,5,1,0.663787,false_true_binary
video_voxaudio,2,False,5,3,0.597043,false_true_binary
video_voxaudio,2,False,5,5,0.576579,false_true_binary
video_voxaudio,2,False,5,10,0.567437,false_true_binary
video_voxaudio,2,False,10,1,0.624733,false_true_binary
video_voxaudio,2,False,10,3,0.598365,false_true_binary
video_voxaudio,2,False,10,5,0.528211,false_true_binary
video_voxaudio,2,False,10,10,0.530072,false_true_binary
video_voxaudio,2,False,30,1,0.594795,false_true_binary
video_voxaudio,2,False,30,3,0.561796,false_true_binary
video_voxaudio,2,False,30,5,0.533453,false_true_binary
video_voxaudio,2,False,30,10,0.510181,false_true_binary
video_voxaudio,2,True,4,1,0.693523,false_true_binary
video_voxaudio,2,True,4,3,0.602315,false_true_binary
video_voxaudio,2,True,4,5,0.553614,false_true_binary
video_voxaudio,2,True,4,10,0.584999,false_true_binary
video_voxaudio,2,True,5,1,0.717608,false_true_binary
video_voxaudio,2,True,5,3,0.624484,false_true_binary
video_voxaudio,2,True,5,5,0.569903,false_true_binary
video_voxaudio,2,True,5,10,0.573885,false_true_binary
video_voxaudio,2,True,10,1,0.687032,false_true_binary
video_voxaudio,2,True,10,3,0.600241,false_true_binary
video_voxaudio,2,True,10,5,0.535465,false_true_binary
video_voxaudio,2,True,10,10,0.540478,false_true_binary
video_voxaudio,2,True,30,1,0.716164,false_true_binary
video_voxaudio,2,True,30,3,0.614254,false_true_binary
video_voxaudio,2,True,30,5,0.595127,false_true_binary
video_voxaudio,2,True,30,10,0.529159,false_true_binary
video_voxaudio,4,False,4,1,0.515568,multi
video_voxaudio,4,False,4,3,0.471581,multi
video_voxaudio,4,False,4,5,0.468768,multi
video_voxaudio,4,False,4,10,0.421259,multi
video_voxaudio,4,False,5,1,0.521739,multi
video_voxaudio,4,False,5,3,0.469233,multi
video_voxaudio,4,False,5,5,0.455395,multi
video_voxaudio,4,False,5,10,0.448509,multi
video_voxaudio,4,False,10,1,0.468573,multi
video_voxaudio,4,False,10,3,0.449717,multi
video_voxaudio,4,False,10,5,0.45206,multi
video_voxaudio,4,False,10,10,0.449392,multi
video_voxaudio,4,False,30,1,0.43968,multi
video_voxaudio,4,False,30,3,0.442784,multi
video_voxaudio,4,False,30,5,0.449196,multi
video_voxaudio,4,False,30,10,0.447533,multi
video_voxaudio,4,True,4,1,0.535293,multi
video_voxaudio,4,True,4,3,0.474103,multi
video_voxaudio,4,True,4,5,0.46799,multi
video_voxaudio,4,True,4,10,0.458325,multi
video_voxaudio,4,True,5,1,0.542952,multi
video_voxaudio,4,True,5,3,0.476969,multi
video_voxaudio,4,True,5,5,0.468265,multi
video_voxaudio,4,True,5,10,0.451349,multi
video_voxaudio,4,True,10,1,0.493821,multi
video_voxaudio,4,True,10,3,0.467245,multi
video_voxaudio,4,True,10,5,0.4462,multi
video_voxaudio,4,True,10,10,0.445815,multi
video_voxaudio,4,True,30,1,0.506541,multi
video_voxaudio,4,True,30,3,0.446064,multi
video_voxaudio,4,True,30,5,0.440607,multi
video_voxaudio,4,True,30,10,0.446981,multi
video_voxaudio,3,False,4,1,0.651325,true_true_binary
video_voxaudio,3,False,4,3,0.59321,true_true_binary
video_voxaudio,3,False,4,5,0.569955,true_true_binary
video_voxaudio,3,False,4,10,0.54344,true_true_binary
video_voxaudio,3,False,5,1,0.644109,true_true_binary
video_voxaudio,3,False,5,3,0.606188,true_true_binary
video_voxaudio,3,False,5,5,0.565762,true_true_binary
video_voxaudio,3,False,5,10,0.557173,true_true_binary
video_voxaudio,3,False,10,1,0.626766,true_true_binary
video_voxaudio,3,False,10,3,0.588527,true_true_binary
video_voxaudio,3,False,10,5,0.565163,true_true_binary
video_voxaudio,3,False,10,10,0.533441,true_true_binary
video_voxaudio,3,False,30,1,0.562682,true_true_binary
video_voxaudio,3,False,30,3,0.563776,true_true_binary
video_voxaudio,3,False,30,5,0.550439,true_true_binary
video_voxaudio,3,False,30,10,0.556885,true_true_binary
video_voxaudio,3,True,4,1,0.664088,true_true_binary
video_voxaudio,3,True,4,3,0.596896,true_true_binary
video_voxaudio,3,True,4,5,0.574431,true_true_binary
video_voxaudio,3,True,4,10,0.551481,true_true_binary
video_voxaudio,3,True,5,1,0.668654,true_true_binary
video_voxaudio,3,True,5,3,0.601617,true_true_binary
video_voxaudio,3,True,5,5,0.571756,true_true_binary
video_voxaudio,3,True,5,10,0.553267,true_true_binary
video_voxaudio,3,True,10,1,0.626942,true_true_binary
video_voxaudio,3,True,10,3,0.586933,true_true_binary
video_voxaudio,3,True,10,5,0.579545,true_true_binary
video_voxaudio,3,True,10,10,0.549714,true_true_binary
video_voxaudio,3,True,30,1,0.633721,true_true_binary
video_voxaudio,3,True,30,3,0.5543,true_true_binary
video_voxaudio,3,True,30,5,0.550073,true_true_binary
video_voxaudio,3,True,30,10,0.555228,true_true_binary
voxaudio,1,False,4,1,0.723082,false_false_binary
voxaudio,1,False,4,3,0.693162,false_false_binary
voxaudio,1,False,4,5,0.671986,false_false_binary
voxaudio,1,False,4,10,0.648887,false_false_binary
voxaudio,1,False,5,1,0.71636,false_false_binary
voxaudio,1,False,5,3,0.667344,false_false_binary
voxaudio,1,False,5,5,0.650267,false_false_binary
voxaudio,1,False,5,10,0.649805,false_false_binary
voxaudio,1,False,10,1,0.697632,false_false_binary
voxaudio,1,False,10,3,0.655897,false_false_binary
voxaudio,1,False,10,5,0.653171,false_false_binary
voxaudio,1,False,10,10,0.649583,false_false_binary
voxaudio,1,False,30,1,0.65236,false_false_binary
voxaudio,1,False,30,3,0.649311,false_false_binary
voxaudio,1,False,30,5,0.649149,false_false_binary
voxaudio,1,False,30,10,0.649068,false_false_binary
voxaudio,1,True,4,1,0.760522,false_false_binary
voxaudio,1,True,4,3,0.701393,false_false_binary
voxaudio,1,True,4,5,0.668556,false_false_binary
voxaudio,1,True,4,10,0.650338,false_false_binary
voxaudio,1,True,5,1,0.752243,false_false_binary
voxaudio,1,True,5,3,0.673774,false_false_binary
voxaudio,1,True,5,5,0.651769,false_false_binary
voxaudio,1,True,5,10,0.649854,false_false_binary
voxaudio,1,True,10,1,0.751165,false_false_binary
voxaudio,1,True,10,3,0.670008,false_false_binary
voxaudio,1,True,10,5,0.65239,false_false_binary
voxaudio,1,True,10,10,0.649583,false_false_binary
voxaudio,1,True,30,1,0.746315,false_false_binary
voxaudio,1,True,30,3,0.651657,false_false_binary
voxaudio,1,True,30,5,0.649149,false_false_binary
voxaudio,1,True,30,10,0.649118,false_false_binary
voxaudio,2,False,4,1,0.678524,false_true_binary
voxaudio,2,False,4,3,0.620676,false_true_binary
voxaudio,2,False,4,5,0.580555,false_true_binary
voxaudio,2,False,4,10,0.525426,false_true_binary
voxaudio,2,False,5,1,0.67495,false_true_binary
voxaudio,2,False,5,3,0.619955,false_true_binary
voxaudio,2,False,5,5,0.585792,false_true_binary
voxaudio,2,False,5,10,0.53842,false_true_binary
voxaudio,2,False,10,1,0.645989,false_true_binary
voxaudio,2,False,10,3,0.604798,false_true_binary
voxaudio,2,False,10,5,0.546615,false_true_binary
voxaudio,2,False,10,10,0.523449,false_true_binary
voxaudio,2,False,30,1,0.582329,false_true_binary
voxaudio,2,False,30,3,0.521011,false_true_binary
voxaudio,2,False,30,5,0.527808,false_true_binary
voxaudio,2,False,30,10,0.505056,false_true_binary
voxaudio,2,True,4,1,0.721662,false_true_binary
voxaudio,2,True,4,3,0.626264,false_true_binary
voxaudio,2,True,4,5,0.599493,false_true_binary
voxaudio,2,True,4,10,0.555884,false_true_binary
voxaudio,2,True,5,1,0.724651,false_true_binary
voxaudio,2,True,5,3,0.632876,false_true_binary
voxaudio,2,True,5,5,0.598077,false_true_binary
voxaudio,2,True,5,10,0.550913,false_true_binary
voxaudio,2,True,10,1,0.720588,false_true_binary
voxaudio,2,True,10,3,0.621549,false_true_binary
voxaudio,2,True,10,5,0.573616,false_true_binary
voxaudio,2,True,10,10,0.546695,false_true_binary
voxaudio,2,True,30,1,0.724384,false_true_binary
voxaudio,2,True,30,3,0.623592,false_true_binary
voxaudio,2,True,30,5,0.571724,false_true_binary
voxaudio,2,True,30,10,0.503117,false_true_binary
voxaudio,4,False,4,1,0.53684,multi
voxaudio,4,False,4,3,0.485936,multi
voxaudio,4,False,4,5,0.477525,multi
voxaudio,4,False,4,10,0.463228,multi
voxaudio,4,False,5,1,0.525771,multi
voxaudio,4,False,5,3,0.479958,multi
voxaudio,4,False,5,5,0.462976,multi
voxaudio,4,False,5,10,0.454723,multi
voxaudio,4,False,10,1,0.49947,multi
voxaudio,4,False,10,3,0.464058,multi
voxaudio,4,False,10,5,0.463068,multi
voxaudio,4,False,10,10,0.451717,multi
voxaudio,4,False,30,1,0.456032,multi
voxaudio,4,False,30,3,0.43422,multi
voxaudio,4,False,30,5,0.447734,multi
voxaudio,4,False,30,10,0.436119,multi
voxaudio,4,True,4,1,0.564881,multi
voxaudio,4,True,4,3,0.489622,multi
voxaudio,4,True,4,5,0.476552,multi
voxaudio,4,True,4,10,0.462247,multi
voxaudio,4,True,5,1,0.572405,multi
voxaudio,4,True,5,3,0.48365,multi
voxaudio,4,True,5,5,0.463858,multi
voxaudio,4,True,5,10,0.448864,multi
voxaudio,4,True,10,1,0.542196,multi
voxaudio,4,True,10,3,0.469901,multi
voxaudio,4,True,10,5,0.462713,multi
voxaudio,4,True,10,10,0.451359,multi
voxaudio,4,True,30,1,0.550872,multi
voxaudio,4,True,30,3,0.457179,multi
voxaudio,4,True,30,5,0.45011,multi
voxaudio,4,True,30,10,0.444588,multi
voxaudio,3,False,4,1,0.656933,true_true_binary
voxaudio,3,False,4,3,0.600194,true_true_binary
voxaudio,3,False,4,5,0.569371,true_true_binary
voxaudio,3,False,4,10,0.543636,true_true_binary
voxaudio,3,False,5,1,0.65305,true_true_binary
voxaudio,3,False,5,3,0.604255,true_true_binary
voxaudio,3,False,5,5,0.571756,true_true_binary
voxaudio,3,False,5,10,0.564276,true_true_binary
voxaudio,3,False,10,1,0.62447,true_true_binary
voxaudio,3,False,10,3,0.578789,true_true_binary
voxaudio,3,False,10,5,0.566229,true_true_binary
voxaudio,3,False,10,10,0.561874,true_true_binary
voxaudio,3,False,30,1,0.575036,true_true_binary
voxaudio,3,False,30,3,0.566873,true_true_binary
voxaudio,3,False,30,5,0.560307,true_true_binary
voxaudio,3,False,30,10,0.557437,true_true_binary
voxaudio,3,True,4,1,0.684587,true_true_binary
voxaudio,3,True,4,3,0.604074,true_true_binary
voxaudio,3,True,4,5,0.572485,true_true_binary
voxaudio,3,True,4,10,0.542263,true_true_binary
voxaudio,3,True,5,1,0.685133,true_true_binary
voxaudio,3,True,5,3,0.603551,true_true_binary
voxaudio,3,True,5,5,0.581982,true_true_binary
voxaudio,3,True,5,10,0.561967,true_true_binary
voxaudio,3,True,10,1,0.673729,true_true_binary
voxaudio,3,True,10,3,0.592953,true_true_binary
voxaudio,3,True,10,5,0.574574,true_true_binary
voxaudio,3,True,10,10,0.558655,true_true_binary
voxaudio,3,True,30,1,0.677326,true_true_binary
voxaudio,3,True,30,3,0.567238,true_true_binary
voxaudio,3,True,30,5,0.560673,true_true_binary
voxaudio,3,True,30,10,0.552467,true_true_binary
